gene,role
FHIT,TSG
HSPA5,oncogene
HSPA4,oncogene
B2M,TSG
LIFR,TSG
ASS1,TSG
RITA1,TSG
ZNF703,oncogene
PIK3CA,oncogene
PIK3CB,oncogene
ZC3H10,TSG
NET1,oncogene
KDM2A,oncogene
IRX1,TSG
FOXQ1,oncogene
CBLB,both
SIRPA,TSG
NUP98,both
XPC,TSG
MUC1,oncogene
PPP2R2C,TSG
MUC4,oncogene
MEG3,TSG
MIR128-1,oncogene
WHSC1,oncogene
MAF,oncogene
CTBP2,oncogene
MAL,TSG
TSG101,TSG
ITGA3,oncogene
ITGA5,TSG
RIT1,oncogene
ITGA7,TSG
SWAP70,oncogene
PHLDA3,TSG
PHLDA2,TSG
XPO1,oncogene
XPO5,TSG
MTCP1,oncogene
FBXL13,TSG
KSR2,oncogene
H19,both
LIN28B,oncogene
LIN28A,oncogene
MMS22L,oncogene
ANAPC1,TSG
ZEB1,oncogene
RPS6KA2,TSG
RPS6KA6,TSG
BCL2A1,oncogene
PSMD10,oncogene
ITGAV,TSG
GSM1,oncogene
NR0B2,TSG
HLF,oncogene
NOV,both
FOXC1,TSG
ZNF292,TSG
GANAB,TSG
SMAD4,TSG
SMAD2,TSG
SMAD3,TSG
MUS81,TSG
FOXM1,oncogene
TMPRSS11A,TSG
IGF2R,TSG
ARF1,TSG
CKS1B,oncogene
SPARC,both
RNF111,TSG
IRF1,TSG
PRKAR1A,both
MIR410,TSG
NOL7,TSG
OLIG2,oncogene
MIR19B1,oncogene
MCF2L,oncogene
ADARB1,TSG
ATP1A1,both
CXXC4,TSG
CBLC,both
EEF1A1,both
EEF1A2,oncogene
CPEB3,TSG
ARL11,TSG
BIN1,TSG
IFT88,TSG
SLIT2,TSG
ETNK1,TSG
FIP1L1,oncogene
HOMER2,TSG
XPA,TSG
FOS,oncogene
CD44,TSG
RSF1,oncogene
FXN,TSG
FGFR1OP,oncogene
PHOX2A,TSG
PHOX2B,TSG
SASH1,TSG
TCL1B,oncogene
TCL1A,oncogene
RAB23,oncogene
RAB25,TSG
CALR,oncogene
CYB5A,TSG
PNN,TSG
EWSR1,oncogene
HDAC1,both
TRIM13,TSG
TRIM15,TSG
MCF2,oncogene
CDO1,TSG
MLLT1,oncogene
MIR490,TSG
MIR493,TSG
MIR495,TSG
MIR494,TSG
MIR497,TSG
SAG,oncogene
SIX1,oncogene
SIX2,oncogene
ESRP1,TSG
TYRP1,oncogene
LEFTY2,TSG
LEFTY1,TSG
RINT1,both
TBL2,TSG
RFC3,oncogene
KLK6,TSG
ZFP82,TSG
CHFR,TSG
MIR380,oncogene
MIR383,TSG
ELK3,oncogene
CDON,oncogene
ELK1,oncogene
LSAMP,TSG
MAX,TSG
APC,TSG
PAK7,oncogene
PAK1,oncogene
RECQL4,both
FOXP1,both
MIR944,oncogene
COPS2,TSG
COPS3,oncogene
SAA1,TSG
COPS5,oncogene
PFN1P3,oncogene
PANX2,TSG
MYCN,oncogene
MYCL,oncogene
TREX2,TSG
RPRM,TSG
MFSD2A,TSG
DMBT1,TSG
CAMTA1,TSG
TNS4,oncogene
IGF2,oncogene
TCF4,TSG
IGF1,TSG
TCF3,both
ARID2,TSG
IGFBP3,TSG
IGFBP7,TSG
IGFBP4,TSG
IGFBP5,TSG
NTHL1,TSG
GJA1,TSG
AZGP1,TSG
MEF2C,oncogene
TRIM8,oncogene
CREM,TSG
SHISA3,TSG
GAS1,TSG
TRIM3,TSG
KDM3A,TSG
GAS5,TSG
BTK,both
PDGFRB,oncogene
PDGFRA,oncogene
MFNG,oncogene
ZNF331,TSG
PDGFRL,TSG
CSMD3,TSG
CSMD1,TSG
MALAT1,both
LRRC3B,TSG
MLF1,TSG
CFLAR,oncogene
MECOM,oncogene
TPM3,TSG
IFI16,TSG
MIR181A2,TSG
MIR181A1,TSG
FBXW7,TSG
TGFBR3,TSG
TGFBR2,TSG
TRIO,oncogene
LETMD1,oncogene
SEA,oncogene
LARP4B,TSG
TET1,both
TET2,TSG
FOXL2,both
TMEM140,oncogene
CYP24A1,oncogene
MIR18B,TSG
TCP1,oncogene
DIDO1,TSG
FER1L4,TSG
TCEB3,TSG
AGRN,oncogene
PITX2,oncogene
SMARCA2,TSG
SMARCA4,TSG
MIR96,oncogene
MIR95,oncogene
MIR93,oncogene
AXIN1,TSG
CTCFL,TSG
FYN,oncogene
MIR98,TSG
MIR187,TSG
MIR186,TSG
STRADA,TSG
CDC5L,oncogene
MIR184,oncogene
RAC1,oncogene
SBDS,TSG
NINJ1,TSG
FCGR2B,oncogene
SKIL,both
PBX2,oncogene
PBX1,oncogene
DPH1,TSG
MAGEA11,oncogene
SCGB3A1,TSG
BCKDHB,oncogene
PTCH2,both
PTCH1,both
SND1,oncogene
MIR142,TSG
ERGIC1,oncogene
MIR15A,TSG
MIR520B,TSG
TOPORS,TSG
DCN,TSG
IGF2BP2,TSG
DCD,oncogene
DNMT1,both
CACNA1D,oncogene
DCC,TSG
FAM46C,TSG
GLO1,oncogene
MIR196A1,oncogene
CUL7,oncogene
CUL1,TSG
CUL2,TSG
CUL3,TSG
FLCN,TSG
PLK2,TSG
TRIM28,oncogene
HOXD9,oncogene
MIR502,TSG
TRIM24,both
HOTAIR,oncogene
TRIM27,oncogene
CREB1,oncogene
PRMT5,oncogene
PER2,TSG
PER1,TSG
TRIT1,TSG
BRD4,oncogene
BRD7,TSG
BRD3,oncogene
DNAJA3,TSG
MIR140,TSG
PTPN13,TSG
MIR155,both
PTPN11,both
MIR504,TSG
MIR150,both
KAT5,TSG
MIR152,TSG
KAT7,oncogene
GALR2,oncogene
GALR1,TSG
CCDC28A,oncogene
RAD51C,TSG
DMD,TSG
FAM123B,TSG
RRAS2,oncogene
GAB2,oncogene
HIF1A,both
ARHGAP5,oncogene
NDRG2,TSG
NDRG4,TSG
PPM1D,oncogene
SRSF1,oncogene
CHD1L,oncogene
SRSF3,oncogene
SRSF2,oncogene
EGR2,TSG
USP44,TSG
Dec-01,TSG
EGR1,TSG
VIL1,TSG
PPP6C,TSG
MSMB,TSG
CHEK2,TSG
CHEK1,TSG
CDK6,both
PAX5,both
PAX4,both
PAX6,TSG
PAX3,oncogene
PAX2,oncogene
MIR135A2,TSG
PTPN2,TSG
PTPN1,TSG
MIR135A1,both
PAX8,oncogene
HOXC11,oncogene
DDR2,both
MYO1A,TSG
PLCE1,TSG
VTRNA2-1,TSG
ADAMTS18,TSG
ADPRH,TSG
CD79B,oncogene
BCR,both
CD79A,oncogene
PTK6,both
HOXA13,oncogene
HOXA11,both
DSG3,oncogene
SRC,oncogene
SNORD50A,TSG
ERCC4,TSG
PTP4A2,oncogene
GAEC1,oncogene
PRKAA1,TSG
LGALS7,TSG
MYC,oncogene
SFRP2,TSG
SFRP1,TSG
AKIRIN2,oncogene
KCNJ5,oncogene
SFRP5,TSG
MIR526B,oncogene
MIR181B2,TSG
MIR181B1,TSG
CAMK1D,oncogene
SNORA59A,oncogene
FOXO3,both
FOXO1,both
DDIT3,oncogene
FOXO6,TSG
FOXO4,both
LOX,TSG
ALDH1A1,oncogene
ALDH1A2,TSG
PRICKLE1,TSG
FRAT1,oncogene
TAC1,oncogene
SPAG9,oncogene
RPL23,oncogene
RPL22,TSG
SPINK7,TSG
EYA4,TSG
PLAG1,oncogene
SMARCB1,TSG
MIR375,TSG
SERTAD2,oncogene
PIGU,oncogene
EPCAM,oncogene
TAGLN,TSG
OLR1,oncogene
PPP1CA,TSG
CEBPD,TSG
KANK1,TSG
VEZT,TSG
ALPL,TSG
MIR193A,TSG
KLK10,TSG
ZFAND4,oncogene
FBP1,TSG
MAFA,oncogene
MAFB,oncogene
CDK2AP1,TSG
ZYX,TSG
NTRK1,both
NTRK3,both
SLC34A2,TSG
PTP4A1,oncogene
ARHGAP26,TSG
PTP4A3,oncogene
EVI5,oncogene
ARHGAP29,TSG
KRAS,oncogene
BLNK,TSG
CD28,oncogene
CD24,oncogene
MIR451A,TSG
RBP1,TSG
SRGAP3,TSG
ALL1,oncogene
MIR708,both
PA2G4,oncogene
UBR5,TSG
URI1,oncogene
BMP7,oncogene
BMP4,TSG
SOCS1,TSG
BMP2,TSG
SOCS3,TSG
PPP2CA,TSG
EEF1D,oncogene
PPP2CB,TSG
ADAM9,oncogene
NR1I2,TSG
FAT1,TSG
FAT4,TSG
AKAP12,TSG
MIR218-2,TSG
MIR218-1,TSG
RASSF8,TSG
TRIM33,TSG
TRIM32,both
TRIM31,TSG
RPL5,TSG
RASSF5,TSG
RASSF4,TSG
TRIM35,TSG
FEN1,TSG
SRPX,TSG
ING4,TSG
CHD1,TSG
MIR149,both
CHD2,TSG
CHD5,TSG
CHD4,oncogene
MIR143,TSG
WISP3,TSG
MIR141,TSG
WISP1,oncogene
MNT,TSG
MIR633,oncogene
HTRA1,TSG
HTRA3,TSG
TTC4,TSG
CDC25C,oncogene
MN1,oncogene
CDC25A,oncogene
CCNC,TSG
RNF43,both
DCUN1D1,oncogene
RHOH,TSG
RHOC,oncogene
RHOB,TSG
RHOA,both
CAPG,both
PBK,oncogene
PRDM16,oncogene
PRDM14,oncogene
PRDM15,oncogene
LRIG3,TSG
PRDM13,oncogene
PRDM10,oncogene
PRDM11,TSG
MPL,oncogene
HNF4A,TSG
PRODH,TSG
SNCG,oncogene
MTSS1,TSG
BATF2,TSG
IL17RD,TSG
A1CF,oncogene
MCPH1,TSG
FOXR1,oncogene
MIRLET7A3,TSG
POT1,TSG
MAPK10,TSG
HPGD,TSG
NCOR1,TSG
FZD2,oncogene
BTG4,TSG
BTG3,TSG
BTG2,TSG
BTG1,TSG
TEC,oncogene
MIR454,oncogene
NBN,TSG
NECTIN4,oncogene
TBRG1,TSG
NFKB1,TSG
NFKB2,both
TES,TSG
RASSF3,TSG
APAF1,TSG
RASSF2,TSG
SIAH1,TSG
ESRRB,TSG
ZFP36L2,TSG
S100A4,oncogene
PHLPP2,TSG
PHLPP1,TSG
PTTG2,oncogene
MIR148A,TSG
PKD1,TSG
JDP2,TSG
IGFALS,TSG
CYB5R2,TSG
CTGF,both
PIAS1,TSG
PRKACA,oncogene
HIVEP1,TSG
HIVEP3,TSG
ACVR1,oncogene
TALDO1,oncogene
JUNB,oncogene
JUND,oncogene
TLX1,oncogene
TDGF1,TSG
GNAT1,TSG
TLX3,oncogene
RMI2,TSG
BCL2L11,TSG
BCL2L12,oncogene
MLH3,TSG
MLH1,TSG
PGRMC2,TSG
TRAF6,oncogene
TRAF7,TSG
TMPRSS2,oncogene
TMPRSS6,TSG
CYGB,both
EVI2A,oncogene
PCDH8,TSG
PCDH9,TSG
DIS3,oncogene
GRIN2A,TSG
GNA12,oncogene
GNA13,oncogene
GNA11,oncogene
SDHA,TSG
SDHC,TSG
SDHB,TSG
ATF1,oncogene
SDHD,TSG
ATF3,both
SH2B3,TSG
ERRFI1,TSG
SMARCC1,TSG
BUB1B,TSG
IL6ST,oncogene
MIR145,TSG
DLG1,TSG
LHX1,oncogene
LHX4,TSG
LHX6,TSG
CDC73,TSG
TKTL1,oncogene
PPP2R4,TSG
MIR374A,oncogene
ZMYM2,oncogene
ZMYM3,TSG
IGF1R,oncogene
IFNG,oncogene
MIR138-2,TSG
MTUS1,TSG
MACROD1,oncogene
LMNTD1,TSG
CXCL10,TSG
CXCL12,TSG
CXCL14,TSG
UBE4B,TSG
AKAP9,oncogene
YBX1,oncogene
IL7R,oncogene
SIRT3,TSG
NUAK1,TSG
NUAK2,oncogene
RAB7A,TSG
HSP90B1,TSG
ADAMTS9-AS2,TSG
PTGDR,TSG
MIR941-1,TSG
CHIC1,oncogene
WDR48,TSG
SIRT4,TSG
MIR1908,oncogene
MIA2,TSG
JAK2,oncogene
H3F3B,oncogene
H3F3A,oncogene
JAK1,both
GRM1,oncogene
GRM3,oncogene
GUCY2C,TSG
CXXC5,TSG
CHUK,TSG
DSP,TSG
PPARG,both
PPARA,TSG
BRF2,oncogene
ING5,TSG
THBD,TSG
BRF1,TSG
ING1,TSG
ING2,TSG
DCDC2,TSG
CSNK1A1,TSG
RING1,oncogene
DCUN1D3,TSG
BHLHE41,TSG
PARK7,both
MIR191,oncogene
MIR192,TSG
VSNL1,TSG
MIR198,TSG
RAP1A,both
WFDC1,TSG
MIR16-1,both
GADD45G,TSG
NCOA2,oncogene
NCOA3,oncogene
MIR511,TSG
NCOA4,both
NCOA5,TSG
PRAME,oncogene
DDB2,both
MIR99A,TSG
LIMD1,TSG
ABCG2,TSG
SS18,oncogene
PRDM12,oncogene
HOTS,TSG
TSPY1,oncogene
LRIG1,TSG
LMO1,oncogene
LMO2,oncogene
LMO3,oncogene
LMO4,oncogene
APOBEC3B,both
MIR19A,oncogene
PBRM1,TSG
MME,TSG
MIR99AHG,oncogene
MIR509-3,TSG
CTTN,oncogene
BAX,both
ERF,TSG
ERG,oncogene
CBLL1,oncogene
EPS8,oncogene
PRKCDBP,TSG
PARM1,oncogene
GFI1B,oncogene
MYOD1,oncogene
DDX10,TSG
CDK12,TSG
GJB2,TSG
CDK14,oncogene
KLF6,both
KLF5,both
KLF4,both
RBL2,TSG
KLF2,oncogene
KLF8,oncogene
MCTS1,oncogene
FAM189B,oncogene
MDC1,TSG
P2RY8,oncogene
MIR134,TSG
HOXB13,TSG
MIR133A1,TSG
TFG,oncogene
MAP3K13,both
CTNNBIP1,TSG
PPP3CC,TSG
TGM3,both
STYK1,oncogene
MIR329-1,TSG
IKBKB,oncogene
IKBKE,oncogene
RARA,oncogene
EIF3I,oncogene
RARB,TSG
PEA15,TSG
EIF3E,both
EIF3F,TSG
ROR2,TSG
FADD,TSG
ARMC10,TSG
CCNL1,oncogene
WT1,both
CDKN2A,TSG
NAAA,oncogene
SSX2B,oncogene
TSC22D1,TSG
XAF1,TSG
BAZ1A,TSG
TPR,oncogene
CCDC154,TSG
HRG,TSG
SNAI1,oncogene
PTTG1IP,oncogene
SYT1,oncogene
ECHS1,oncogene
DND1,TSG
MIR219A1,TSG
RHO,oncogene
PLAGL2,oncogene
PLAGL1,TSG
NFATC2,both
TBC1D3C,oncogene
TNFAIP8L2,TSG
FUBP1,both
CCAR1,TSG
CCAR2,TSG
MTDH,oncogene
MADD,TSG
NANOGP8,oncogene
NCOR2,TSG
CEACAM1,TSG
EN2,oncogene
CEACAM6,oncogene
TACSTD2,oncogene
PPP1R14A,oncogene
IGFBPL1,TSG
EPAS1,both
PCDH10,TSG
PCDH17,TSG
VPS53,TSG
EEF1E1,TSG
CREBBP,both
MIR29C,TSG
MIR29A,TSG
ATM,TSG
SCYL1,TSG
MIR615,TSG
ATR,TSG
BRIP1,TSG
FLT4,oncogene
PWAR4,TSG
FLT3,both
SET,oncogene
SKP2,both
NEURL1,TSG
DNAJB1,TSG
DNAJB4,TSG
FANCG,TSG
FANCF,TSG
FANCE,TSG
FANCC,TSG
FANCA,TSG
HAS1,oncogene
MIR18A,both
KISS1,TSG
FRK,TSG
CARS,TSG
MIR185,TSG
HNRNPA1,oncogene
MIR183,both
MIR182,both
CLU,TSG
KNSTRN,oncogene
MIR92A1,oncogene
MIR507,oncogene
MIR506,oncogene
MIR505,TSG
LLGL1,TSG
IRS4,both
MIR508,TSG
IRS2,oncogene
CDK1,oncogene
CDK2,TSG
CDK4,oncogene
MIR296,TSG
HOXA1,oncogene
CDK8,oncogene
HOXA9,both
MIR663A,oncogene
PTK7,oncogene
LCN2,oncogene
FAM188A,TSG
MSH2,TSG
SF3B1,oncogene
PRKAA2,TSG
MSH6,TSG
ALOX15,TSG
MCL1,oncogene
TSHR,oncogene
MIR223,both
RERE,oncogene
INPPL1,oncogene
DDHD2,oncogene
RGL4,oncogene
HSPD1,TSG
DNAJC11,TSG
PRKCI,oncogene
GREM1,both
MIR874,TSG
PRKCA,oncogene
PRKCB,TSG
PRKCE,both
PRKCD,TSG
HIST1H3B,oncogene
PADI2,oncogene
EBF3,TSG
MIR221,oncogene
EBF1,TSG
KRIT1,TSG
KDM8,TSG
ACKR3,oncogene
SCRIB,TSG
TYMS,oncogene
GSTP1,TSG
GPR132,oncogene
FBXO11,TSG
TUSC1,TSG
MIRLET7F1,TSG
MAP3K8,both
MIRLET7F2,TSG
GPX3,TSG
RASSF1,both
MAP3K1,both
MAP3K7,oncogene
MAP3K4,TSG
PROX1,TSG
PLA2G7,TSG
RBMY1A1,oncogene
MARCKS,TSG
MARVELD1,TSG
NUP214,oncogene
SETDB1,oncogene
ERBB2,oncogene
ERBB3,oncogene
ERBB4,both
IDH2,oncogene
IDH1,both
SH3GLB1,TSG
CTSZ,oncogene
RPL10,TSG
RPL11,TSG
FGFR4,oncogene
SETD2,TSG
FGFR2,oncogene
FGFR3,oncogene
FGFR1,oncogene
CXCL1,oncogene
TCL6,oncogene
CXCL3,oncogene
CXCL2,oncogene
NME1,both
SYK,both
SPEN,TSG
LXN,TSG
MIR148B,TSG
RGR,oncogene
EPB41,TSG
PDZK1IP1,oncogene
FBLN2,TSG
DAXX,both
STIL,oncogene
AHNAK,TSG
AFF4,oncogene
AFF3,oncogene
AFF1,oncogene
PTCSC3,TSG
UNC5A,TSG
TINCR,oncogene
UNC5B,TSG
UNC5C,TSG
CUX1,both
RNF144A,TSG
UNC5D,TSG
SFPQ,both
PKNOX1,TSG
TP53,both
GNAQ,oncogene
GNAS,oncogene
UBE2C,oncogene
SAFB2,TSG
SHQ1,TSG
HLTF,TSG
AGFG1,oncogene
MIR7-2,TSG
MIR7-3,TSG
MIR7-1,both
SEC14L2,TSG
ILK,both
GNMT,TSG
DACT1,TSG
SIK1,TSG
RAB22A,oncogene
EPB41L3,TSG
CCDC136,TSG
SALL4,both
SALL2,TSG
WAS,oncogene
ADAM28,oncogene
FAM72A,oncogene
DFNA5,TSG
TBL1XR1,both
LATS2,TSG
WNT3,oncogene
WNT2,oncogene
WNT1,oncogene
PLCD1,TSG
PALB2,TSG
RECK,TSG
BIRC6,oncogene
BIRC5,oncogene
BIRC3,both
BIRC2,oncogene
TTF1,TSG
PINX1,TSG
RUNX1T1,both
RBMS3,TSG
RB1CC1,TSG
SPTBN1,TSG
RCHY1,TSG
KLF10,TSG
TFAP2A,TSG
MIR26A1,TSG
MIR26A2,TSG
OncogeneName,oncogene
DPP4,TSG
NT5C2,oncogene
MIR574,TSG
ANXA1,TSG
ZBTB7A,oncogene
ANXA7,TSG
MSI2,oncogene
MSI1,oncogene
MIR26B,TSG
GLTSCR1,TSG
GLTSCR2,TSG
POU5F1,oncogene
DKK1,TSG
CDKN2B,TSG
MIR575,oncogene
MCM9,TSG
DUSP12,oncogene
PCAT1,oncogene
SQSTM1,oncogene
PCAT5,oncogene
DNPH1,oncogene
RPA1,TSG
HBP1,TSG
MIR409,TSG
MIR203A,TSG
HEPACAM,TSG
SP100,TSG
SSX4,oncogene
SSX2,oncogene
MIR888,TSG
SSX1,oncogene
NRCAM,TSG
MFHAS1,oncogene
ERAS,oncogene
BOC,oncogene
MIR513A2,oncogene
DGCR8,oncogene
MUM1,oncogene
MIR1-1,TSG
DENND2D,TSG
DSC3,TSG
WHSC1L1,both
PHC3,TSG
RNASEL,TSG
DDX3X,TSG
SAFB,TSG
ZNF366,TSG
PRF1,TSG
MGMT,TSG
PMS2,TSG
BRINP1,TSG
BRSK1,TSG
ROBO1,TSG
ROBO2,TSG
H2AFX,TSG
SOD2,TSG
DDX5,oncogene
DDX6,oncogene
BRMS1,TSG
RNF8,TSG
NIT2,TSG
ZNF217,oncogene
VDR,TSG
STMN1,oncogene
AKT3,oncogene
OLFM4,TSG
NFKBIE,TSG
RNH1,TSG
CLTC,TSG
ADRBK2,oncogene
BEX2,TSG
AMER1,TSG
GLIPR1,TSG
TFE3,oncogene
DLX5,oncogene
MYD88,oncogene
ELK4,oncogene
TFEB,oncogene
LMX1B,oncogene
FGF8,oncogene
SART3,oncogene
FGF6,oncogene
FGF5,oncogene
FGF4,oncogene
FGF3,oncogene
VAV1,oncogene
MIR517A,both
VAV3,oncogene
VAV2,oncogene
HOXD13,oncogene
TNFAIP3,TSG
HOXD11,oncogene
MIR28,TSG
LIMA1,TSG
NRBP1,TSG
SMCHD1,TSG
FOXP3,TSG
DEFB1,TSG
STARD13,TSG
DIABLO,TSG
TP63,both
CNR2,oncogene
NANOG,oncogene
MAPK1,oncogene
DUSP9,TSG
DUSP5,TSG
DUSP6,TSG
DUSP1,TSG
HHEX,oncogene
LYL1,oncogene
RBL1,TSG
ELL,both
BCOR,TSG
HEY1,oncogene
CNTN2,oncogene
MIR422A,TSG
WWTR1,oncogene
MIR320A,TSG
STAT5B,both
TMPOP2,oncogene
NKX3-1,TSG
TBC1D15,oncogene
MIR27A,both
MIR27B,TSG
HSPA1A,oncogene
BMP10,TSG
PF4,TSG
MIR101-2,TSG
MIR101-1,TSG
FAM83D,oncogene
LINC-PINT,TSG
NRAS,oncogene
CREB3L1,TSG
CABLES1,TSG
PYCARD,TSG
MIR200C,both
MIR200B,TSG
PANO1,TSG
DNMT3B,TSG
DNMT3A,both
RAD21,both
ADGRF1,oncogene
USP12,TSG
MIR302B,TSG
CLTCL1,TSG
SSBP2,TSG
NPM1,both
BCL10,TSG
GPRC5A,TSG
GFI1,oncogene
MXI1,TSG
NEDD4L,TSG
BRAF,oncogene
ZBTB48,TSG
ALOX15B,TSG
MIR30A,TSG
CRKL,oncogene
MEN1,TSG
ACOD1,oncogene
HIPK2,TSG
ANP32D,oncogene
ANP32C,oncogene
ANP32A,TSG
DUSP22,TSG
DUSP26,both
TAT,TSG
TAZ,oncogene
ESPL1,oncogene
MIR30C1,TSG
GeneSymbol,TSG
THY1,TSG
ARHGEF10,TSG
ARHGEF12,TSG
STK11,TSG
THSD1,TSG
PCDHGC3,TSG
MUC16,oncogene
CNDP2,TSG
SGK1,oncogene
AHR,TSG
PTEN,TSG
GADD45GIP1,TSG
ANGPTL4,TSG
MIR212,oncogene
ATMIN,TSG
EIF5A2,oncogene
CTCF,TSG
ELAVL1,oncogene
MMP12,oncogene
CDKN1C,TSG
CDKN1B,both
CDKN1A,both
PDS5B,TSG
MLL3,TSG
MLL2,TSG
MYO18B,TSG
SETBP1,oncogene
EDNRB,TSG
PPP1R1B,TSG
TANK,TSG
MST1,TSG
WWOX,TSG
NF2,TSG
NF1,TSG
TMEM127,TSG
KIF7,TSG
BLM,TSG
PPP1R10,oncogene
HOXC13,oncogene
VEGFA,TSG
BLK,oncogene
SLC39A1,TSG
SLC39A4,TSG
MIR29B1,TSG
PSIP1,oncogene
MIR106B,oncogene
MIR106A,TSG
FBXO31,TSG
FBXO32,TSG
NAB2,TSG
MAP4K1,TSG
PPP2R1A,both
PPP2R1B,TSG
RET,oncogene
PELP1,oncogene
DLK1,TSG
AKAP13,oncogene
REL,oncogene
TSC2,TSG
HINT1,TSG
HTRA2,TSG
TSC1,TSG
NEDD9,oncogene
SPI1,both
NEDD4,both
S100A8,oncogene
MIR378A,TSG
PTTG1,oncogene
S100A7,oncogene
S100A2,TSG
MIR155HG,oncogene
EGLN1,TSG
AIP,TSG
LTF,TSG
LEF1,both
MAP2K2,oncogene
MIR181C,TSG
TP73,both
GLS2,TSG
RBM6,TSG
RBM5,TSG
RBM4,TSG
RBM3,oncogene
ZMYND10,TSG
LAPTM4B,oncogene
ZMYND11,TSG
EGFR,oncogene
CAT,TSG
MIR301A,oncogene
BAP1,TSG
PFN1,TSG
TWIST1,oncogene
TWIST2,TSG
CXCR2,TSG
HNF1A,TSG
PGR,TSG
CXCR4,oncogene
BMI1,oncogene
KDM3B,TSG
MIR645,oncogene
PLEKHO1,TSG
SOX21,TSG
E2F5,oncogene
E2F3,both
E2F2,TSG
E2F1,both
RBMX,TSG
CAMK2N1,TSG
PPP1R13L,oncogene
TUSC7,TSG
RAD17,TSG
CSF3R,oncogene
TUSC2,TSG
MIA,TSG
PTK2B,oncogene
DAB2,TSG
FBLN1,TSG
USP22,oncogene
WNT10A,oncogene
WNT10B,oncogene
ARHGEF5,oncogene
ARHGEF2,oncogene
ADAMTS8,TSG
ARHGEF1,oncogene
CBFB,both
CDH1,both
CDH5,TSG
CDH4,TSG
STRA6,oncogene
MIR544A,oncogene
DFFA,TSG
CENPW,oncogene
PAFAH1B1,TSG
MIR424,TSG
MIR421,oncogene
LIN9,TSG
MIR423,oncogene
UCA1,oncogene
CSF1,oncogene
CSF2,TSG
CSF3,oncogene
SFN,TSG
CYLD,TSG
ACY1,TSG
SYNPO2,TSG
TRIP6,oncogene
WNT7A,TSG
LITAF,TSG
HULC,oncogene
SEC62,oncogene
RRAS,oncogene
TXNIP,TSG
TRIB1,oncogene
TRIB2,oncogene
CYSLTR2,oncogene
ARHGEF10L,TSG
DDX58,TSG
BMF,TSG
ZBTB7C,TSG
CABIN1,oncogene
U2AF1,oncogene
HSPB1,oncogene
MIR130B,oncogene
MIR130A,both
MIR330,oncogene
MT1M,TSG
MIR335,both
MIR338,TSG
MT1F,TSG
MT1G,TSG
ZNF185,TSG
MIR33A,TSG
G0S2,TSG
NUPR1,TSG
NKX2-8,TSG
CCDC6,both
EGLN3,TSG
CSRNP1,TSG
PLA2G16,TSG
HACD4,TSG
MIR1226,TSG
NSD1,oncogene
MIR520C,TSG
MIR34C,TSG
MIR520G,oncogene
MIR10A,TSG
CSF1R,oncogene
SPRY2,both
SPRY4,TSG
GMNN,oncogene
RASSF10,TSG
MRE11A,oncogene
SLX4,TSG
MIR147A,TSG
MYH9,TSG
RANBP9,TSG
FBXO25,TSG
CADM4,TSG
CADM2,TSG
CADM3,TSG
RANBP2,TSG
MACC1,oncogene
RALGDS,oncogene
AIM2,TSG
AGAP2,oncogene
SATB1,oncogene
PACRG,TSG
UHRF1,oncogene
UHRF2,TSG
ARNT,both
KEAP1,TSG
BASP1,TSG
CADM1,TSG
KCNRG,TSG
TGFB1,both
PHACTR4,TSG
PYHIN1,TSG
EZH1,TSG
EZH2,both
CCNB1IP1,TSG
TSLP,TSG
SLC5A8,TSG
IQGAP2,TSG
YWHAZ,oncogene
HDGFRP2,oncogene
YWHAQ,oncogene
RB1,TSG
ETS2,both
ETS1,oncogene
AURKA,oncogene
FCRL4,oncogene
YWHAG,oncogene
YWHAE,TSG
XIST,TSG
MAT2A,TSG
ZBTB4,TSG
NR4A3,both
CARD11,oncogene
NR4A1,TSG
CASC2,TSG
CASC1,TSG
CASC5,TSG
PDCD1LG2,oncogene
CHST11,oncogene
CCNB2,oncogene
CCNB1,oncogene
ABI2,TSG
ABI1,TSG
ROCK1,oncogene
CUL4A,oncogene
TGFBI,TSG
POU2F3,TSG
NUTM1,oncogene
IL24,TSG
TIMP3,TSG
AXL,oncogene
CAV1,both
SFRP4,TSG
TPD52,oncogene
CT45A1,oncogene
ANIB1,oncogene
CBFA2T3,TSG
ZIC2,oncogene
MAPRE1,oncogene
JAK3,oncogene
BRCA1,TSG
BRCA2,TSG
AQP1,oncogene
WNK2,TSG
ZIC1,TSG
AHRR,TSG
NR2C2,TSG
MIR125B1,both
MIR125B2,TSG
PATZ1,oncogene
USP33,TSG
RBBP8,TSG
PLD1,TSG
MIR486-1,TSG
PHB,TSG
ST20,TSG
RBBP7,TSG
RNF180,TSG
TCF7L2,both
RUNX2,TSG
RUNX3,both
RUNX1,both
BMPR2,TSG
LZTR1,TSG
MIR146B,oncogene
MIR146A,TSG
HRAS,oncogene
SEPT9,oncogene
SEPT4,TSG
SKI,oncogene
SMURF1,oncogene
EMSY,oncogene
JUN,oncogene
MEIS1,oncogene
SYT13,TSG
JUP,both
CDK5R2,oncogene
ZFAS1,both
RBM38,TSG
EPHB2,TSG
EPHB3,TSG
PLCB3,TSG
EPHB6,TSG
EPHB4,TSG
PARP1,TSG
TP53INP1,TSG
SCUBE2,TSG
ESR2,TSG
MIR1-2,TSG
GSTT1,TSG
ESR1,both
CD274,TSG
PHF6,TSG
LAMTOR5,oncogene
PPP2R5C,TSG
YY1,oncogene
TCHP,TSG
INPP4B,TSG
TBX2,oncogene
TBX3,both
CTNND2,oncogene
CTNND1,TSG
TBX5,TSG
BCORL1,both
SH3GL1,oncogene
ZNF668,TSG
HACE1,TSG
ZHX2,TSG
XCL1,oncogene
FHL2,oncogene
FHL1,TSG
ING3,TSG
KDR,oncogene
TAL1,oncogene
TAL2,oncogene
FOXD3,TSG
PLA2G2A,TSG
ATRX,TSG
PAWR,TSG
UCHL1,both
RAD51B,TSG
MIR193B,TSG
MIR92B,oncogene
RARRES3,TSG
MIR16-2,TSG
AIMP2,both
AIMP1,TSG
MLANA,oncogene
MIR17,both
PIN1,TSG
MIEN1,oncogene
YES1,oncogene
DCLRE1A,TSG
MIR20A,both
ECT2,both
MLLT4,oncogene
FAS,TSG
UVRAG,TSG
NPAS2,TSG
MLLT3,oncogene
HNRNPA2B1,oncogene
TERT,both
ZNHIT6,oncogene
SPOP,both
GTPBP4,TSG
TP53BP1,TSG
TP53BP2,TSG
AXIN2,TSG
ARID3A,oncogene
CASP5,TSG
CASP2,TSG
CASP3,TSG
TNFRSF10A,TSG
CASP8,TSG
CASP9,TSG
BCL9,oncogene
KRT19,TSG
BCL6,oncogene
BCL3,oncogene
BCL2,oncogene
BLID,TSG
UBE2QL1,TSG
PLK1,both
CDX2,both
PLK5,TSG
AKT1,oncogene
AKT2,oncogene
SETD1B,TSG
S100A11,TSG
NKX2-1,both
MIR195,TSG
AHCYL1,both
STUB1,TSG
FSTL3,oncogene
DLEU2,TSG
PIR,oncogene
MYB,oncogene
CROT,oncogene
ENTPD5,oncogene
TREH,oncogene
FLI1,oncogene
DLEC1,TSG
SERPINB5,TSG
SMO,oncogene
PCGF2,TSG
GSK3A,oncogene
POLE,TSG
GSK3B,TSG
CFTR,TSG
MST1R,both
MIR9-1,TSG
MIR9-2,TSG
MIR9-3,TSG
DPPA2,oncogene
DEK,oncogene
ST13,TSG
DPPA4,oncogene
NPRL2,TSG
MIR222,both
AMH,TSG
PLXNB1,oncogene
MIR224,oncogene
ASXL1,TSG
ASXL2,TSG
MIR135B,oncogene
LUADT1,oncogene
LZTS1,TSG
SMC1A,TSG
SIRT2,TSG
SIRT1,both
SIRT6,both
RASL11A,TSG
PVT1,oncogene
LRMP,TSG
HOPX,TSG
TMEFF1,TSG
TMEFF2,TSG
MIR136,TSG
MIR137,TSG
WNT5A,both
MIR132,TSG
NBPF12,oncogene
RFWD2,TSG
RFWD3,TSG
EPHA3,TSG
EPHA2,both
EPHA1,TSG
MUTYH,TSG
GNAI2,oncogene
LOC401317,TSG
TBC1D1,oncogene
TBC1D3,oncogene
TBC1D7,oncogene
ZEB1-AS1,oncogene
KDM6A,both
CITED2,TSG
FGF10,oncogene
CHST10,TSG
PDSS2,TSG
KIAA1524,oncogene
ACHE,TSG
MNAT1,oncogene
WAPL,oncogene
GOPC,oncogene
ZNF521,oncogene
SEMA3B,TSG
HIRA,TSG
SEMA3F,TSG
OSGIN1,TSG
PAIP2,TSG
MET,oncogene
EMP2,TSG
NRSN2,TSG
EMP1,TSG
MIR125A,TSG
FOXG1,oncogene
BCL11A,oncogene
BCL11B,both
VHL,TSG
LATS1,TSG
CNTNAP2,TSG
OSCP1,TSG
TXN,oncogene
FEZF1,oncogene
CDKN3,oncogene
SLC9A3R1,TSG
TSSC4,TSG
DAPK3,TSG
DAPK2,TSG
DAPK1,TSG
PIM2,oncogene
PIM3,oncogene
PIM1,oncogene
AR,oncogene
TNC,oncogene
MIR22,TSG
MIR21,oncogene
MIR25,TSG
PTPRT,TSG
ACTN4,oncogene
CREB3L2,oncogene
PTPRD,TSG
PTPRC,TSG
PTPRB,TSG
UBE3C,oncogene
GORAB,TSG
PTPRK,TSG
PTPRJ,TSG
STK10,TSG
GPAT4,oncogene
GPM6A,oncogene
GPM6B,oncogene
THBS1,TSG
GABARAP,TSG
MIR636,TSG
WRN,TSG
SMR3B,oncogene
EHF,TSG
SMARCD1,TSG
GATA6,oncogene
GATA4,TSG
GATA5,TSG
GATA2,oncogene
GATA3,both
GATA1,both
FAM172A,TSG
POU2AF1,oncogene
CCND1,oncogene
CCND3,oncogene
CCND2,oncogene
TNFSF12,TSG
HMGN5,oncogene
DIRAS1,TSG
RASL10A,TSG
DIRAS3,TSG
MIR23A,both
MIR23B,both
CHL1,oncogene
ARNTL,TSG
SOX11,TSG
SOX15,TSG
ISG15,TSG
OPCML,TSG
PDLIM4,TSG
AKTIP,oncogene
RAP1GDS1,oncogene
PLXNC1,TSG
TNK1,TSG
ZDHHC2,TSG
ZNRF3,TSG
TDRG1,TSG
SBSN,oncogene
CBL,both
APITD1,TSG
PRDM4,TSG
PRDM5,TSG
PRDM6,oncogene
PRDM1,TSG
PRDM2,TSG
MYBBP1A,TSG
FLNA,TSG
PRDM8,oncogene
PRDM9,oncogene
HES6,oncogene
POLQ,both
MIR34A,both
THRB,TSG
TLE1,oncogene
MIR34B,both
NAPEPLD,TSG
POLG,TSG
TNFRSF10B,TSG
XIAP,oncogene
TAF15,oncogene
FH,TSG
THRA,both
RNASET2,TSG
CDC6,oncogene
HIC1,TSG
CCNDBP1,TSG
CIITA,TSG
RBM10,TSG
RBM15,oncogene
RBM14,both
MIR127,TSG
MIR126,TSG
MIR199A1,both
MIR122,TSG
IL17A,TSG
MIR129-1,TSG
PLAC8,oncogene
MIR129-2,TSG
MIR1247,TSG
CUL5,TSG
YAP1,both
EI24,TSG
ALK,oncogene
TRE17,oncogene
UBIAD1,TSG
PLCG1,oncogene
MIR340,TSG
CIZ1,TSG
MIR517C,oncogene
MT2A,TSG
SGMS1,TSG
SPARCL1,TSG
CTNNB1,oncogene
NGFR,TSG
BAALC,oncogene
MITF,oncogene
MOB1A,TSG
MOB1B,TSG
EPS15,TSG
QKI,both
MAD1L1,TSG
LRRC4,TSG
CNOT3,TSG
ITGB1,TSG
ITGB3,TSG
BANP,both
RTN4,TSG
SUFU,TSG
DKK3,TSG
IER3,TSG
MBD4,TSG
MBD1,oncogene
CMTM3,TSG
CYB561D2,TSG
CMTM5,TSG
MIR31,both
TSPAN13,TSG
ARAF,oncogene
RASAL1,TSG
EHD3,TSG
RASAL2,TSG
ROS1,oncogene
PEBP1,TSG
UIMC1,TSG
ST5,TSG
NFE2L2,both
FGR,oncogene
SLC12A5,oncogene
EAF1,TSG
EAF2,TSG
ST7,TSG
ZNF268,oncogene
MRVI1,TSG
EXT2,TSG
EXT1,TSG
LPP,oncogene
HTATIP2,TSG
SAMD9L,TSG
ARID1B,TSG
ARID1A,TSG
VIM,both
YEATS4,oncogene
PTPN12,TSG
LEPROTL1,TSG
MIR487B,TSG
ACVR1C,TSG
FUS,both
WIF1,TSG
SMARCE1,TSG
SHPRH,TSG
CDCP1,TSG
MIR503,TSG
YPEL3,TSG
CCNE1,oncogene
MKL1,both
MKL2,oncogene
RAB11A,oncogene
CLDN1,TSG
MRAS,oncogene
MLLT10,oncogene
MLLT11,oncogene
SMYD4,TSG
RAB8A,oncogene
EIF4E,oncogene
BCAR4,oncogene
HOXA-AS2,oncogene
IRF3,TSG
IRF2,oncogene
HOTTIP,oncogene
IRF5,TSG
IRF4,both
IRF8,TSG
PDX1,TSG
CD74,oncogene
HDAC3,TSG
PIWIL2,TSG
PIWIL1,oncogene
ONECUT1,TSG
AHI1,oncogene
ZFHX3,TSG
KIF14,oncogene
FABP3,TSG
FANCD2,TSG
CBX8,oncogene
CBX7,oncogene
CBX5,TSG
ZBTB16,both
MIR204,TSG
MIR205,TSG
MIR206,TSG
ZBTB18,TSG
RAB18,oncogene
TNFSF9,TSG
CST6,TSG
CST5,TSG
ACVR2A,TSG
MIR196B,TSG
PLA2R1,TSG
GKN1,TSG
GKN2,TSG
ASCL1,both
DAB2IP,TSG
MIR100HG,oncogene
MTOR,oncogene
MAS1,oncogene
IGF2BP1,oncogene
TRIM62,TSG
EP300,TSG
CMC4,oncogene
MIR20B,oncogene
MAPK9,TSG
ITK,oncogene
KIF1B,TSG
KL,TSG
ZFP36,TSG
MIR133A2,TSG
RASL10B,TSG
NRF1,TSG
USP8,oncogene
ERCC2,TSG
ERCC3,TSG
USP4,oncogene
ERCC5,TSG
USP6,oncogene
SOX9,TSG
NDRG1,TSG
SOX2,oncogene
BBC3,TSG
SOX1,TSG
HIP1,oncogene
SOX7,TSG
SOX4,oncogene
SERTAD1,oncogene
CEBPA,TSG
SERTAD3,oncogene
MIR370,TSG
BIK,TSG
MIR372,oncogene
MIR373,oncogene
XRCC5,TSG
PRR5,TSG
KDM4C,oncogene
MED12,both
RND3,TSG
SUZ12,both
MIR133B,oncogene
INTS3,oncogene
INTS2,oncogene
INTS1,oncogene
INTS7,oncogene
INTS6,TSG
INTS5,oncogene
INTS4,oncogene
INTS8,oncogene
LSM1,oncogene
SRSF6,oncogene
MIRLET7A1,TSG
MIRLET7A2,TSG
CRNN,TSG
TP53COR1,TSG
CTNNA2,both
CTNNA3,TSG
PPM1A,TSG
NOTCH4,oncogene
MCC,both
NOTCH1,both
NOTCH2,both
NOTCH3,TSG
TNFRSF12A,TSG
KAT6B,TSG
KAT6A,oncogene
MZB1,TSG
MIR519D,TSG
PPM1L,TSG
CRLF2,oncogene
DLEU1,TSG
MIR138-1,TSG
IST1,oncogene
BLCAP,TSG
PTENP1,TSG
MIR1291,TSG
MIR551A,TSG
ZNF382,TSG
MIR1297,TSG
SELENBP1,TSG
GADD45A,TSG
GADD45B,TSG
EML4,oncogene
PARK2,TSG
POU6F2,TSG
DMTF1,TSG
EXTL1,TSG
EXTL2,TSG
EXTL3,TSG
MDM2,oncogene
MDM4,oncogene
SLC3A2,oncogene
RSPO3,oncogene
RSPO2,TSG
CNN1,TSG
KIT,oncogene
FOXA1,both
TPTE2,TSG
FOXA2,TSG
ZNF278,TSG
SYNM,TSG
FRS3,TSG
MIR449A,TSG
CRTC1,oncogene
TNFRSF17,oncogene
TNFRSF14,TSG
CRK,oncogene
TNFRSF18,TSG
SDHAF2,TSG
MAML2,oncogene
STAT5A,TSG
SNORA80E,oncogene
RTN4IP1,TSG
HECA,TSG
FNDC3B,oncogene
NINL,oncogene
ADAMTS9,TSG
BECN1,TSG
GBP1,TSG
TRRAP,oncogene
MIR196A2,TSG
EDA2R,TSG
ASPSCR1,oncogene
TNFRSF1B,oncogene
VWA5A,TSG
AGTR1,TSG
LCK,oncogene
GGNBP2,TSG
CD4,TSG
CCR4,oncogene
CCR7,oncogene
KIAA0101,oncogene
RAF1,oncogene
STAT6,oncogene
STAT3,both
STAT1,TSG
CD82,TSG
PTPN6,TSG
FOSL1,oncogene
CTDSPL,TSG
BNIP3L,TSG
HAX1,oncogene
EFNA5,TSG
AKR1B1,TSG
NEAT1,oncogene
GALNT10,oncogene
MIR744,oncogene
MIR211,TSG
MIR210,TSG
MIR217,TSG
MIR215,TSG
MIR214,TSG
MOS,oncogene
WDR11,TSG
PEG3,TSG
CDH11,TSG
CDH10,TSG
CDH13,TSG
CDH17,both
CDKN2C,TSG
BMPR1A,both
MAP2K1,oncogene
MIR17HG,oncogene
PAEP,TSG
MAP2K4,both
BCL9L,both
CNBP,TSG
MIR107,both
PTPN23,TSG
RAP1GAP,TSG
MIR100,TSG
BARD1,both
CCDC67,TSG
NRG1,TSG
SERPINI2,TSG
MALT1,oncogene
KMT2C,TSG
HSPB7,TSG
KMT2A,oncogene
KMT2D,both
CLDN23,TSG
RHOBTB2,TSG
MIR10B,oncogene
NUMB,TSG
MIR326,TSG
MIR367,TSG
TFCP2,oncogene
YY1AP1,oncogene
TOM1L2,TSG
BCL2L1,oncogene
MIRLET7G,TSG
MIRLET7D,TSG
MIRLET7E,TSG
MIRLET7B,TSG
MIRLET7C,TSG
LAT2,TSG
CPNE7,TSG
MIRLET7I,TSG
GSN,TSG
SPINT2,TSG
DOK2,TSG
DOK3,TSG
NDST4,TSG
GNB2L1,TSG
MPST,oncogene
GLI1,both
MIR151A,oncogene
MIR200A,TSG
TSPAN1,oncogene
CACNA2D3,TSG
ATP2B3,TSG
CSNK2A2,oncogene
CSNK2A1,oncogene
FDPS,oncogene
PTMA,oncogene
FZR1,TSG
TFPI2,TSG
MEFV,oncogene
L3MBTL4,TSG
KDM5A,both
KDM5B,oncogene
KDM5C,TSG
UFL1,TSG
AFAP1L2,TSG
PABPC1,both
DNM2,TSG
EED,TSG
PREX2,oncogene
GOLPH3,oncogene
AJAP1,TSG
OTX2,oncogene
PIK3R1,both
MIR24-1,TSG
STAG2,TSG
STAG1,TSG
HCAR2,TSG
ETV1,oncogene
ETV3,oncogene
ETV5,oncogene
ETV4,oncogene
TAF1,oncogene
ETV6,both
ARG1,TSG
TSPAN32,TSG
AIF1,TSG
RAD23B,TSG
ABL1,oncogene
ABL2,oncogene
IKZF1,both
IKZF3,TSG
IKZF2,TSG
DROSHA,TSG
BAIAP2L1,oncogene
POLD1,TSG
FASN,oncogene
PML,both
PDCD4,TSG
PDCD5,TSG
DLC1,TSG
MINA,oncogene
ARL6IP5,TSG
HMGA2,oncogene
HMGA1,oncogene
FEV,oncogene
TCEAL7,TSG
FES,both
MT1DP,TSG
DICER1,TSG
ID4,TSG
ID2,oncogene
ID3,TSG
MIR449B,TSG
ID1,oncogene
SREBF1,oncogene
CIC,both
CRYAB,oncogene
NNAT,TSG
ELF3,TSG
ELF4,both
ZRSR2,TSG
NDN,TSG
GLI2,oncogene
GLI3,oncogene
LRP1B,TSG
DOK1,TSG
MERTK,oncogene
N4BP2,TSG
HRASLS2,TSG
LDHB,oncogene
PDGFA,oncogene
PDGFB,oncogene
ERVW-1,oncogene
MIR124-1,TSG
MIR124-2,TSG
MIR124-3,TSG
MIR483,both
GPC3,both
GPC5,TSG
MIR485,oncogene
DACH1,TSG
ARMC5,TSG
MTAP,TSG
NFIB,oncogene
MIR194-1,TSG
BCL6B,TSG
MIR194-2,TSG
C2orf40,TSG
WNT11,TSG
SPATA4,oncogene
